{"train/loss": 0.573, "train/learning_rate": 0.0, "train/epoch": 4.0, "train/global_step": 3200, "_timestamp": 1698502995.7167833, "_runtime": 5781.307621240616, "_step": 8, "eval/loss": 0.6913402676582336, "eval/runtime": 126.8149, "eval/samples_per_second": 1.577, "eval/steps_per_second": 0.197, "train/train_runtime": 5731.8597, "train/train_samples_per_second": 0.558, "train/train_steps_per_second": 0.558, "train/total_flos": 1.859762273107968e+16, "train/train_loss": 0.5953414058685302}