{"train/loss": 0.5691, "train/learning_rate": 0.0, "train/epoch": 4.0, "train/global_step": 320, "_timestamp": 1698427544.1596398, "_runtime": 570.463161945343, "_step": 8, "eval/loss": 0.6294487118721008, "eval/runtime": 12.4433, "eval/samples_per_second": 1.607, "eval/steps_per_second": 0.241, "train/train_runtime": 569.4929, "train/train_samples_per_second": 0.562, "train/train_steps_per_second": 0.562, "train/total_flos": 1850145139752960.0, "train/train_loss": 0.6440430998802185}