{"train/loss": 0.4142, "train/learning_rate": 0.0, "train/epoch": 4.0, "train/global_step": 3200, "_timestamp": 1698518760.6430814, "_runtime": 5540.382784366608, "_step": 8, "eval/loss": 0.5138147473335266, "eval/runtime": 118.7287, "eval/samples_per_second": 1.685, "eval/steps_per_second": 0.211, "train/train_runtime": 5488.9983, "train/train_samples_per_second": 0.583, "train/train_steps_per_second": 0.583, "train/total_flos": 1.731647707987968e+16, "train/train_loss": 0.4289985942840576}