{"train/loss": 0.3767, "train/learning_rate": 0.0, "train/epoch": 4.0, "train/global_step": 320, "_timestamp": 1698522731.5013874, "_runtime": 565.099276304245, "_step": 8, "eval/loss": 0.5420790910720825, "eval/runtime": 12.4196, "eval/samples_per_second": 1.61, "eval/steps_per_second": 0.242, "train/train_runtime": 517.1853, "train/train_samples_per_second": 0.619, "train/train_steps_per_second": 0.619, "train/total_flos": 1656948375552000.0, "train/train_loss": 0.4500486493110657}