{"train/loss": 0.5158, "train/learning_rate": 0.0, "train/epoch": 4.0, "train/global_step": 640, "_timestamp": 1698507646.4499362, "_runtime": 1035.0851261615753, "_step": 8, "eval/loss": 0.6153662800788879, "eval/runtime": 26.4235, "eval/samples_per_second": 1.514, "eval/steps_per_second": 0.189, "train/train_runtime": 1001.8669, "train/train_samples_per_second": 0.639, "train/train_steps_per_second": 0.639, "train/total_flos": 3158244712022016.0, "train/train_loss": 0.5761338353157044}