{"train/loss": 0.4943, "train/learning_rate": 0.0, "train/epoch": 4.0, "train/global_step": 320, "_timestamp": 1698496925.778482, "_runtime": 536.82519698143, "_step": 8, "eval/loss": 0.6665827631950378, "eval/runtime": 10.8605, "eval/samples_per_second": 1.842, "eval/steps_per_second": 0.276, "train/train_runtime": 490.1026, "train/train_samples_per_second": 0.653, "train/train_steps_per_second": 0.653, "train/total_flos": 1745262015774720.0, "train/train_loss": 0.5785951852798462}