{"train/loss": 0.3654, "train/learning_rate": 0.0, "train/epoch": 4.0, "train/global_step": 640, "_timestamp": 1698510721.3794334, "_runtime": 1195.136997461319, "_step": 8, "eval/loss": 0.4264252781867981, "eval/runtime": 31.3759, "eval/samples_per_second": 1.275, "eval/steps_per_second": 0.159, "train/train_runtime": 1162.003, "train/train_samples_per_second": 0.551, "train/train_steps_per_second": 0.551, "train/total_flos": 3527720125267968.0, "train/train_loss": 0.4091657280921936}