{"train/loss": 0.5726, "train/learning_rate": 0.0, "train/epoch": 4.0, "train/global_step": 3200, "_timestamp": 1698433903.3565457, "_runtime": 5465.339381694794, "_step": 8, "eval/loss": 0.7097418308258057, "eval/runtime": 114.455, "eval/samples_per_second": 1.747, "eval/steps_per_second": 0.218, "train/train_runtime": 5413.4868, "train/train_samples_per_second": 0.591, "train/train_steps_per_second": 0.591, "train/total_flos": 1.865160166785024e+16, "train/train_loss": 0.5947517204284668}