{"train/loss": 1.5987, "train/learning_rate": 0.0, "train/epoch": 4.0, "train/global_step": 32000, "_timestamp": 1698493315.4823983, "_runtime": 55012.32838726044, "_step": 8, "eval/loss": 1.4732688665390015, "eval/runtime": 1120.2398, "eval/samples_per_second": 1.785, "eval/steps_per_second": 0.223, "train/train_runtime": 54963.3389, "train/train_samples_per_second": 0.582, "train/train_steps_per_second": 0.582, "train/total_flos": 1.802469439586304e+17, "train/train_loss": 1.3195992279052735}