{"train/loss": 0.4579, "train/learning_rate": 0.00015000140626318374, "train/epoch": 1.0, "train/global_step": 800, "_timestamp": 1698527100.741065, "_runtime": 1374.8763539791107, "_step": 0}