{"train/loss": 0.5166, "train/learning_rate": 0.0, "train/epoch": 4.0, "train/global_step": 320, "_timestamp": 1698505379.1733425, "_runtime": 553.1209833621979, "_step": 8, "eval/loss": 0.6335951685905457, "eval/runtime": 11.3669, "eval/samples_per_second": 1.759, "eval/steps_per_second": 0.264, "train/train_runtime": 504.2108, "train/train_samples_per_second": 0.635, "train/train_steps_per_second": 0.635, "train/total_flos": 1639854777827328.0, "train/train_loss": 0.6101233720779419, "_wandb": {"runtime": 552}}